Page URL,Viewport Image File Name,Image File Name,Alt Text
https://www.elio-systems.com/,viewport_0.png,Logo_0.png,Logo
https://www.elio-systems.com/,viewport_10.png,_Sascha_Vorderstemann_zeigt_Shopware_Platinum_Partner_Urkunde_10.png,	Sascha Vorderstemann zeigt Shopware Platinum Partner Urkunde
https://www.elio-systems.com/,viewport_11.png,Frau_am_Arbeit_am_Tablet_11.png,Frau am Arbeit am Tablet
https://www.elio-systems.com/,viewport_12.png,Mann_und_Frau_im_Gespräch_12.png,Mann und Frau im Gespräch
https://www.elio-systems.com/,viewport_13.png,Kollegen_arbeiten_am_Tisch_mit_Sicht_von_oben_13.png,Kollegen arbeiten am Tisch mit Sicht von oben
https://www.elio-systems.com/,viewport_15.png,Laptop_15.png,Laptop
https://www.elio-systems.com/,viewport_22.png,_Screenshot_der_Douglas-Website__zeigt_Burberry-Parfüm_mit_dem_Text__Burberry_-_Season_of_Sparkle_._Verschiedene_Markenlogos_wie_La_Prairie__MAC__Guerlain__und_Lancôme_sind_ebenfalls_sichtbar.__22.png," Screenshot der Douglas-Website, zeigt Burberry-Parfüm mit dem Text 'Burberry - Season of Sparkle'. Verschiedene Markenlogos wie La Prairie, MAC, Guerlain, und Lancôme sind ebenfalls sichtbar. "
https://www.elio-systems.com/,viewport_26.png,_Cube_Logo__26.png, Cube Logo 
https://www.elio-systems.com/,viewport_27.png,_Douglas_Logo__27.png, Douglas Logo 
https://www.elio-systems.com/,viewport_28.png,_Volvo_Group_Trucks_Logo__28.png, Volvo Group Trucks Logo 
https://www.elio-systems.com/,viewport_29.png,_Yours_Truly_Logo__29.png, Yours Truly Logo 
https://www.elio-systems.com/,viewport_30.png,_Leuze_Logo__30.png, Leuze Logo 
https://www.elio-systems.com/,viewport_36.png,Eintracht_Frankfurt_Logo_36.png,Eintracht Frankfurt Logo
https://www.elio-systems.com/,viewport_37.png,Bosch_Grow_Logo_37.png,Bosch Grow Logo
https://www.elio-systems.com/,viewport_38.png,Gebana_Logo_38.png,Gebana Logo
https://www.elio-systems.com/,viewport_39.png,Würth_Logo_39.png,Würth Logo
https://www.elio-systems.com/,viewport_40.png,Dictum_Logo_40.png,Dictum Logo
https://www.elio-systems.com/,viewport_41.png,BO1_Logo_41.png,BO1 Logo
https://www.elio-systems.com/,viewport_42.png,Mann_vor_Laptop_hält_eine_Glühbirne_42.png,Mann vor Laptop hält eine Glühbirne
https://www.elio-systems.com/,viewport_45.png,notext_45.png,notext
https://www.elio-systems.com/,viewport_50.png,HCL_Commerce_Cloud_Logo_50.png,HCL Commerce Cloud Logo
https://www.elio-systems.com/,viewport_51.png,OXID_eSales_Logo_51.png,OXID eSales Logo
https://www.elio-systems.com/,viewport_52.png,Shopify_Plus_52.png,Shopify Plus
https://www.elio-systems.com/,viewport_53.png,Ibexa_Logo_53.png,Ibexa Logo
https://www.elio-systems.com/,viewport_54.png,synQup_Logo_54.png,synQup Logo
https://www.elio-systems.com/,viewport_55.png,main_cloud_solutions_logo_55.png,main cloud solutions logo
https://www.elio-systems.com/,viewport_57.png,Profilbild_von_Henry_Goettler_-_Vorstand_OXID_eSales_AG_57.png,Profilbild von Henry Goettler - Vorstand OXID eSales AG
https://www.elio-systems.com/,viewport_58.png,Gruppe_von_zufriedenen_Mitarbeiter_innen_an_einem_Konferenztisch_von_denen_zwei_High_5_geben_im_Format_3840x1478_58.png,Gruppe von zufriedenen Mitarbeiter:innen an einem Konferenztisch von denen zwei High 5 geben im Format 3840x1478
https://www.elio-systems.com/,viewport_59.png,Ein_Mann_und_eine_Frau_lächeln_in_die_Kamera_59.png,Ein Mann und eine Frau lächeln in die Kamera
