Page URL,Snapshot File Name,Image File Name,Alt Text
https://www.jefferies.com/insights/,1_snapshot.png,1.jpg,Jefferies logo
https://www.jefferies.com/insights/,7_snapshot.png,7.jpg,Empty-Office-Open-Space-Interior-AdobeStock_627095055
https://www.jefferies.com/insights/,8_snapshot.png,8.jpg,
https://www.jefferies.com/insights/,9_snapshot.png,9.jpg,Ten Questions for the Energy Transition in 2025
https://www.jefferies.com/insights/,10_snapshot.png,10.jpg,Grid Upgrades Are Laggingâ€”Can Drones Change That?
https://www.jefferies.com/insights/,11_snapshot.png,11.jpg,Is AI Ready to Transform Healthcare? Leaders in Biotech and Provider Services Weigh In.
https://www.jefferies.com/insights/,12_snapshot.png,12.jpg,Realistic photo of White Luxury generic design private jet flying over the earth. Empty blue sky with white clouds at background. Business Travel Concept. Horizontal. 3D rendering
https://www.jefferies.com/insights/,13_snapshot.png,13.jpg,Aerial view of large roadway with tree scenery and a cityscape in view with beautiful sky
https://www.jefferies.com/insights/,14_snapshot.png,14.jpg,Jefferies logo
