Page URL,Viewport Image File Name,Image File Name,Alt Text
https://qafco.symmetrydigital-labs.com/en/,viewport_0.png,notext_0.png,notext
https://qafco.symmetrydigital-labs.com/en/,viewport_1.png,notext_1.png,notext
https://qafco.symmetrydigital-labs.com/en/,viewport_2.png,notext_2.png,notext
https://qafco.symmetrydigital-labs.com/en/,viewport_3.png,notext_3.png,notext
https://qafco.symmetrydigital-labs.com/en/,viewport_4.png,notext_4.png,notext
https://qafco.symmetrydigital-labs.com/en/,viewport_5.png,notext_5.png,notext
https://qafco.symmetrydigital-labs.com/en/,viewport_6.png,notext_6.png,notext
https://qafco.symmetrydigital-labs.com/en/,viewport_7.png,notext_7.png,notext
https://qafco.symmetrydigital-labs.com/en/,viewport_8.png,notext_8.png,notext
https://qafco.symmetrydigital-labs.com/en/,viewport_9.png,notext_9.png,notext
https://qafco.symmetrydigital-labs.com/en/,viewport_10.png,notext_10.png,notext
https://qafco.symmetrydigital-labs.com/en/,viewport_11.png,notext_11.png,notext
https://qafco.symmetrydigital-labs.com/en/,viewport_12.png,notext_12.png,notext
https://qafco.symmetrydigital-labs.com/en/,viewport_13.png,notext_13.png,notext
https://qafco.symmetrydigital-labs.com/en/,viewport_14.png,notext_14.png,notext
https://qafco.symmetrydigital-labs.com/en/,viewport_15.png,notext_15.png,notext
https://qafco.symmetrydigital-labs.com/en/,viewport_16.png,notext_16.png,notext
https://qafco.symmetrydigital-labs.com/en/,viewport_17.png,notext_17.png,notext
https://qafco.symmetrydigital-labs.com/en/,viewport_18.png,notext_18.png,notext
https://qafco.symmetrydigital-labs.com/en/,viewport_19.png,notext_19.png,notext
https://qafco.symmetrydigital-labs.com/en/,viewport_20.png,notext_20.png,notext
https://qafco.symmetrydigital-labs.com/en/,viewport_21.png,notext_21.png,notext
https://qafco.symmetrydigital-labs.com/en/,viewport_22.png,notext_22.png,notext
https://qafco.symmetrydigital-labs.com/en/,viewport_23.png,notext_23.png,notext
